Workbook

Sheet Report
C1: MPC PARAMETER SHEET - REPORT
B3: MANUFACTURER NAME
B5: MODEL
B7: DEVICE TYPE
B9: TEST SPECIFICATION
B10: EEBus_UC_HighLevel_TestSpecification_MPC_V1.0.2
B11: SCENARIO(S)
B12: e.g. 1, 2, 3, 4, 5
B13: NAME OF TESTER(S)
B16: Overall Status | D16: MA | E16: MU | F16: Total
B17: Number of ATCs | D17: {=SUMPRODUCT(--(ISNUMBER(SEARCH("ATC_MPC_",'Specific Test Cases'!B130:B257)) * ISNUMBER(SEARCH("MA",'Specific Test Cases'!B130:B257)) > 0))} -> 34 | E17: {=SUMPRODUCT(--(ISNUMBER(SEARCH("ATC_MPC_",'Specific Test Cases'!B60:B129)) * ISNUMBER(SEARCH("MU",'Specific Test Cases'!B60:B129)) > 0))} -> 20 | F17: {=SUMPRODUCT(--ISNUMBER(SEARCH("ATC_MPC_",'Specific Test Cases'!B60:B257)))} -> 54
B18: Number of STCs | D18: {=SUMPRODUCT(--ISNUMBER(VALUE('Specific Test Cases'!B130:B257)))} -> 94 | E18: {=SUMPRODUCT(--ISNUMBER(VALUE('Specific Test Cases'!B60:B129)))} -> 50 | F18: {=SUMPRODUCT(--ISNUMBER(VALUE('Specific Test Cases'!B60:B257)))} -> 144
B19: Test cycle duration | D19: =IF(COUNT('Specific Test Cases'!C57:C257)=0, "0 days", IF(MAX('Specific Test Cases'!C57:C257)=MIN('Specific Test Cases'!C57:C257), "1 day", TEXT(MAX('Specific Test Cases'!C57:C257)-MIN('Specific Test Cases'!C57:C257),"0") & " days")) -> 0 days
B21: Execution Status | D21: MA | E21: MU | F21: Total
B22: Number of STCs executed | D22: {=SUMPRODUCT((('Specific Test Cases'!K130:K257="Passed")+('Specific Test Cases'!K130:K257="Failed")+('Specific Test Cases'!K130:K257="Not applicable"))*1)} -> 0 | E22: {=SUMPRODUCT((('Specific Test Cases'!K60:K129="Passed")+('Specific Test Cases'!K60:K129="Failed")+('Specific Test Cases'!K60:K129="Not applicable"))*1)} -> 0 | F22: {=SUMPRODUCT((('Specific Test Cases'!K60:K257="Passed")+('Specific Test Cases'!K60:K257="Failed")+('Specific Test Cases'!K60:K257="Not applicable"))*1)} -> 0
C23: Number of passed STCs | D23: =COUNTIF('Specific Test Cases'!K130:K257,"Passed") -> 0 | E23: =COUNTIF('Specific Test Cases'!K60:K129,"Passed") -> 0 | F23: =COUNTIF('Specific Test Cases'!K60:K257,"Passed") -> 0
C24: Passed percentage | D24: =IF(OR(D23=0,D22=0),0,D23/D22) -> 0 | E24: =IF(OR(E23=0,E22=0),0,E23/E22) -> 0 | F24: =IF(OR(F23=0,F22=0),0,F23/F22) -> 0
C25: Number of failed STCs | D25: =COUNTIF('Specific Test Cases'!K130:K257,"Failed") -> 0 | E25: =COUNTIF('Specific Test Cases'!K60:K129,"Failed") -> 0 | F25: =COUNTIF('Specific Test Cases'!K60:K257,"Failed") -> 0
C26: Failed percentage | D26: =IF(OR(D25=0,D22=0),0,D25/D22) -> 0 | E26: =IF(OR(E25=0,E22=0),0,E25/E22) -> 0 | F26: =IF(OR(F25=0,F22=0),0,F25/F22) -> 0
C27: Number of not applicable STCs | D27: =COUNTIF('Specific Test Cases'!K130:K257,"Not applicable") -> 0 | E27: =COUNTIF('Specific Test Cases'!K60:K129,"Not applicable") -> 0 | F27: =COUNTIF('Specific Test Cases'!K60:K257,"Not applicable") -> 0
C28: Not applicable percentage | D28: =IF(OR(D27=0,D22=0),0,D27/D22) -> 0 | E28: =IF(OR(E27=0,E22=0),0,E27/E22) -> 0 | F28: =IF(OR(F27=0,F22=0),0,F27/F22) -> 0

Sheet Specific Test Cases
D1: MPC PARAMETER SHEET - TEST CASES
B3: TECHNOLOGY | D3: SPINE
B4: Actor
B6: DATA TRANSMISSION
D7: Usage | E7: Interval [seconds]
B8: Polling
B9: Notification
B11: CONNECTED PHASES
B12: Phase A
B13: Phase B
B14: Phase C
B16: SUPPORTED DATA POINTS
B17: Total Active Power
B18: Phase-Specific Active Power
B19: Total Consumed Energy
B20: Total Produced Energy
B21: Phase-Specific AC Current
... B23: AC Frequency
D25: ENERGY DIRECTION | E25: RANGES OF THE DUT
B26: TOTAL ACTIVE POWER [Watt] | E26: MIN | F26: MAX
B27: Power total | D27: consume
D28: produce
B29: PHASE-SPECIFIC ACTIVE POWER [Watt] | E29: MIN | F29: MAX
B30: Phase A | D30: consume
D31: produce
B32: Phase B | D32: consume
D33: produce
B34: Phase C | D34: consume
D35: produce
B36: TOTAL CONSUMED ENERGY [Watt-hour] | E36: MIN | F36: MAX
B37: Total consumed energy | D37: consume
D38: produce | E38: =IF(E41="","",E41) | F38: =IF(F41="","",F41)
B39: TOTAL PRODUCED ENERGY [Watt-hour] | E39: MIN | F39: MAX
B40: Total produced energy | D40: consume | E40: =IF(E37="","",E37) | F40: =IF(F37="","",F37)
D41: produce
B42: PHASE-SPECIFIC AC CURRENT [Ampere] | E42: MIN | F42: MAX
B43: Phase A | D43: consume
D44: produce
B45: Phase B | D45: consume
D46: produce
B47: Phase C | D47: consume
D48: produce
B49: PHASE-SPECIFIC AC VOLTAGE [Volt] | E49: MIN | F49: MAX
B50: Phase A / neutral | D50: any
B51: Phase B / neutral | D51: any
B52: Phase C / neutral | D52: any
B53: Phase A / Phase B | D53: any
B54: Phase B / Phase C | D54: any
B55: Phase C / Phase A | D55: any
B56: AC FREQUENCY [Hertz] | E56: MIN | F56: MAX
B57: Frequency | D57: any
B59: STC ID | C59: TEST DATE | D59: VALUE USED IN TEST STEP | E59: MONITORING VALUE STATE | F59: DATA POINT VALUE | H59: ENERGY DIRECTIONS | I59: DATA TRANSMISSION | J59: POLLING INTERVAL [seconds] | K59: TEST VERDICT | L59: COMMENTS / NOTES / ADDITIONS
B60: ATC_MPC_COM_PT_MUPolling_001
B61: 1 | D61: 1 | E61: MonitoringState_01 | I61: =IF(AND(EXACT(D8,"Yes"),ISTEXT(D8)),B8,"") | J61: =IF(AND(EXACT(D8,"Yes"),ISTEXT(D8)),E8,"")
B62: ATC_MPC_COM_PT_MUNotification_001
B63: 1 | D63: 1 | E63: MonitoringState_01 | I63: =IF(AND(EXACT(D9,"Yes"),ISTEXT(D9)),B9,"")
B64: ATC_MPC_SCE1_PT_MUTotalActivePower_001
B65: 1.1 | D65: 1 | E65: MonitoringState_01 | F65: =IF(B27="","",B27) -> Power total | H65: =IF(D27="","",D27) -> consume | I65: =IF(AND(EXACT(D8,"Yes"),ISTEXT(D8)),B8,"") | J65: =IF(AND(EXACT(D8,"Yes"),ISTEXT(D8)),E8,"")
B66: 1.2 | D66: 2 | E66: MonitoringState_01 | F66: =IF(B27="","",B27) -> Power total | H66: =IF(D27="","",D27) -> consume | I66: =IF(AND(EXACT(D9,"Yes"),ISTEXT(D9)),B9,"")
B67: 2.1 | D67: 1 | E67: MonitoringState_01 | F67: =IF(B27="","",B27) -> Power total | H67: =IF(D28="","",D28) -> produce | I67: =IF(AND(EXACT(D8,"Yes"),ISTEXT(D8)),B8,"") | J67: =IF(AND(EXACT(D8,"Yes"),ISTEXT(D8)),E8,"")
B68: 2.2 | D68: 2 | E68: MonitoringState_01 | F68: =IF(B27="","",B27) -> Power total | H68: =IF(D28="","",D28) -> produce | I68: =IF(AND(EXACT(D9,"Yes"),ISTEXT(D9)),B9,"")
B69: ATC_MPC_SCE1_PT_MUPhaseActivePower_001
B70: 1.1 | D70: 1 | E70: MonitoringState_01 | F70: =IF(B30="","",B30) -> Phase A | H70: =IF(D30="","",D30) -> consume | I70: =IF(AND(EXACT(D8,"Yes"),ISTEXT(D8)),B8,"") | J70: =IF(AND(EXACT(D8,"Yes"),ISTEXT(D8)),E8,"")
B71: 1.2 | D71: 2 | E71: MonitoringState_01 | F71: =IF(B30="","",B30) -> Phase A | H71: =IF(D30="","",D30) -> consume | I71: =IF(AND(EXACT(D9,"Yes"),ISTEXT(D9)),B9,"")
B72: 2.1 | D72: 1 | E72: MonitoringState_01 | F72: =IF(B30="","",B30) -> Phase A | H72: =IF(D31="","",D31) -> produce | I72: =IF(AND(EXACT(D8,"Yes"),ISTEXT(D8)),B8,"") | J72: =IF(AND(EXACT(D8,"Yes"),ISTEXT(D8)),E8,"")
B73: 2.2 | D73: 2 | E73: MonitoringState_01 | F73: =IF(B30="","",B30) -> Phase A | H73: =IF(D31="","",D31) -> produce | I73: =IF(AND(EXACT(D9,"Yes"),ISTEXT(D9)),B9,"")
B74: ATC_MPC_SCE1_PT_MUPhaseActivePower_002
B75: 1.1 | D75: 1 | E75: MonitoringState_01 | F75: =IF(B32="","",B32) -> Phase B | H75: =IF(D32="","",D32) -> consume | I75: =IF(AND(EXACT(D8,"Yes"),ISTEXT(D8)),B8,"") | J75: =IF(AND(EXACT(D8,"Yes"),ISTEXT(D8)),E8,"")
B76: 1.2 | D76: 2 | E76: MonitoringState_01 | F76: =IF(B32="","",B32) -> Phase B | H76: =IF(D32="","",D32) -> consume | I76: =IF(AND(EXACT(D9,"Yes"),ISTEXT(D9)),B9,"")
B77: 2.1 | D77: 1 | E77: MonitoringState_01 | F77: =IF(B32="","",B32) -> Phase B | H77: =IF(D33="","",D33) -> produce | I77: =IF(AND(EXACT(D8,"Yes"),ISTEXT(D8)),B8,"") | J77: =IF(AND(EXACT(D8,"Yes"),ISTEXT(D8)),E8,"")
B78: 2.2 | D78: 2 | E78: MonitoringState_01 | F78: =IF(B32="","",B32) -> Phase B | H78: =IF(D33="","",D33) -> produce | I78: =IF(AND(EXACT(D9,"Yes"),ISTEXT(D9)),B9,"")
B79: ATC_MPC_SCE1_PT_MUPhaseActivePower_003
B80: 1.1 | D80: 1 | E80: MonitoringState_01 | F80: =IF(B34="","",B34) -> Phase C | H80: =IF(D34="","",D34) -> consume | I80: =IF(AND(EXACT(D8,"Yes"),ISTEXT(D8)),B8,"") | J80: =IF(AND(EXACT(D8,"Yes"),ISTEXT(D8)),E8,"")
B81: 1.2 | D81: 2 | E81: MonitoringState_01 | F81: =IF(B34="","",B34) -> Phase C | H81: =IF(D34="","",D34) -> consume | I81: =IF(AND(EXACT(D9,"Yes"),ISTEXT(D9)),B9,"")
B82: 2.1 | D82: 1 | E82: MonitoringState_01 | F82: =IF(B34="","",B34) -> Phase C | H82: =IF(D35="","",D35) -> produce | I82: =IF(AND(EXACT(D8,"Yes"),ISTEXT(D8)),B8,"") | J82: =IF(AND(EXACT(D8,"Yes"),ISTEXT(D8)),E8,"")
B83: 2.2 | D83: 2 | E83: MonitoringState_01 | F83: =IF(B34="","",B34) -> Phase C | H83: =IF(D35="","",D35) -> produce | I83: =IF(AND(EXACT(D9,"Yes"),ISTEXT(D9)),B9,"")
B84: ATC_MPC_SCE2_PT_MUTotalConsumedEnergy_001
B85: 1.1 | D85: 1 | E85: MonitoringState_01 | F85: =IF(B37="","",B37) -> Total consumed energy | H85: =IF(D37="","",D37) -> consume | I85: =IF(AND(EXACT(D8,"Yes"),ISTEXT(D8)),B8,"") | J85: =IF(AND(EXACT(D8,"Yes"),ISTEXT(D8)),E8,"")
B86: 1.2 | D86: 2 | E86: MonitoringState_01 | F86: =IF(B37="","",B37) -> Total consumed energy | H86: =IF(D37="","",D37) -> consume | I86: =IF(AND(EXACT(D9,"Yes"),ISTEXT(D9)),B9,"")
B87: ATC_MPC_SCE2_PT_MUTotalConsumedEnergy_002
B88: 1 | D88: 1 | E88: MonitoringState_01 | F88: =IF(B37="","",B37) -> Total consumed energy | H88: =IF(D38="","",D38) -> produce | I88: =IF(AND(EXACT(D8,"Yes"),ISTEXT(D8)),B8,"") | J88: =IF(AND(EXACT(D8,"Yes"),ISTEXT(D8)),E8,"")
B89: ATC_MPC_SCE2_PT_MUTotalProducedEnergy_001
B90: 1 | D90: 1 | E90: MonitoringState_01 | F90: =IF(B40="","",B40) -> Total produced energy | H90: =IF(D40="","",D40) -> consume | I90: =IF(AND(EXACT(D8,"Yes"),ISTEXT(D8)),B8,"") | J90: =IF(AND(EXACT(D8,"Yes"),ISTEXT(D8)),E8,"")
B91: ATC_MPC_SCE2_PT_MUTotalProducedEnergy_002
B92: 1.1 | D92: 1 | E92: MonitoringState_01 | F92: =IF(B40="","",B40) -> Total produced energy | H92: =IF(D41="","",D41) -> produce | I92: =IF(AND(EXACT(D8,"Yes"),ISTEXT(D8)),B8,"") | J92: =IF(AND(EXACT(D8,"Yes"),ISTEXT(D8)),E8,"")
B93: 1.2 | D93: 2 | E93: MonitoringState_01 | F93: =IF(B40="","",B40) -> Total produced energy | H93: =IF(D41="","",D41) -> produce | I93: =IF(AND(EXACT(D9,"Yes"),ISTEXT(D9)),B9,"")
B94: ATC_MPC_SCE3_PT_MUActiveACCurrent_001
B95: 1.1 | D95: 1 | E95: MonitoringState_01 | F95: =IF(B43="","",B43) -> Phase A | H95: =IF(D43="","",D43) -> consume | I95: =IF(AND(EXACT(D8,"Yes"),ISTEXT(D8)),B8,"") | J95: =IF(AND(EXACT(D8,"Yes"),ISTEXT(D8)),E8,"")
B96: 1.2 | D96: 2 | E96: MonitoringState_01 | F96: =IF(B43="","",B43) -> Phase A | H96: =IF(D43="","",D43) -> consume | I96: =IF(AND(EXACT(D9,"Yes"),ISTEXT(D9)),B9,"")
B97: 2.1 | D97: 1 | E97: MonitoringState_01 | F97: =IF(B43="","",B43) -> Phase A | H97: =IF(D44="","",D44) -> produce | I97: =IF(AND(EXACT(D8,"Yes"),ISTEXT(D8)),B8,"") | J97: =IF(AND(EXACT(D8,"Yes"),ISTEXT(D8)),E8,"")
B98: 2.2 | D98: 2 | E98: MonitoringState_01 | F98: =IF(B43="","",B43) -> Phase A | H98: =IF(D44="","",D44) -> produce | I98: =IF(AND(EXACT(D9,"Yes"),ISTEXT(D9)),B9,"")
B99: ATC_MPC_SCE3_PT_MUActiveACCurrent_002
B100: 1.1 | D100: 1 | E100: MonitoringState_01 | F100: =IF(B45="","",B45) -> Phase B | H100: =IF(D45="","",D45) -> consume | I100: =IF(AND(EXACT(D8,"Yes"),ISTEXT(D8)),B8,"") | J100: =IF(AND(EXACT(D8,"Yes"),ISTEXT(D8)),E8,"")
B101: 1.2 | D101: 2 | E101: MonitoringState_01 | F101: =IF(B45="","",B45) -> Phase B | H101: =IF(D45="","",D45) -> consume | I101: =IF(AND(EXACT(D9,"Yes"),ISTEXT(D9)),B9,"")
B102: 2.1 | D102: 1 | E102: MonitoringState_01 | F102: =IF(B45="","",B45) -> Phase B | H102: =IF(D46="","",D46) -> produce | I102: =IF(AND(EXACT(D8,"Yes"),ISTEXT(D8)),B8,"") | J102: =IF(AND(EXACT(D8,"Yes"),ISTEXT(D8)),E8,"")
B103: 2.2 | D103: 2 | E103: MonitoringState_01 | F103: =IF(B45="","",B45) -> Phase B | H103: =IF(D46="","",D46) -> produce | I103: =IF(AND(EXACT(D9,"Yes"),ISTEXT(D9)),B9,"")
B104: ATC_MPC_SCE3_PT_MUActiveACCurrent_003
B105: 1.1 | D105: 1 | E105: MonitoringState_01 | F105: =IF(B47="","",B47) -> Phase C | H105: =IF(D47="","",D47) -> consume | I105: =IF(AND(EXACT(D8,"Yes"),ISTEXT(D8)),B8,"") | J105: =IF(AND(EXACT(D8,"Yes"),ISTEXT(D8)),E8,"")
B106: 1.2 | D106: 2 | E106: MonitoringState_01 | F106: =IF(B47="","",B47) -> Phase C | H106: =IF(D47="","",D47) -> consume | I106: =IF(AND(EXACT(D9,"Yes"),ISTEXT(D9)),B9,"")
B107: 2.1 | D107: 1 | E107: MonitoringState_01 | F107: =IF(B47="","",B47) -> Phase C | H107: =IF(D48="","",D48) -> produce | I107: =IF(AND(EXACT(D8,"Yes"),ISTEXT(D8)),B8,"") | J107: =IF(AND(EXACT(D8,"Yes"),ISTEXT(D8)),E8,"")
...

Sheet Comments
B1: MPC PARAMETER SHEET - COMMENTS
B3: TEST NO. | C3: TEST DATE | D3: GENERAL QUESTIONS / COMMENTS

Sheet Legend
B1: MPC PARAMETER SHEET - LEGEND
B3: Revisions
B4: Version | D4: Date/Editor
B5: V1.0.0 | D5: 2024-04-30 - SH
B6: V1.0.1 | D6: 2025-11-27 - SH & MW
B7: V1.0.2 | D7: 2026-07-17 - AS
B9: Specific Test Cases
D10: Cells with a white background need to be manually filled in with device specific information or information taken from the test specification.
D11: Greyed-out cells are filled in automatically.
B12: Data transmission | D12: Use the drop-down menu to select whether the DUT uses polling or notification. [YES/NO]
B13: Supported data points | D13: Use the drop-down menu to select which data point is supported by the DUT. [YES/NO]
B14: Data point values | D14: The corresponding data point values shall be filled in as follows: MU as DUT: The value received by the tester. (Optional: Compare the read value with the MU display.) MA as DUT: The received value of the MA. (Mandatory: Compare the read value with the tester display.)
B15: any | D15: Don't care
B16: Formatting rules
C17: Test verdict | D17: According to the chosen test verdict its background is colorized. [PASSED/FAILED/NOT APPLICABLE]
D18: Passed
D19: Failed
D20: Not applicable
